index,Item_Identifier,Outlet_Identifier,Item_Outlet_sales
0,FDW58,OUT049,930.0937323
1,FDW14,OUT017,1850.732543
2,NCN55,OUT010,1603.598325
3,FDQ58,OUT017,609.5746743
4,FDY38,OUT027,2144.173466
5,FDH56,OUT046,602.6676227
6,FDL48,OUT018,2002.439963
7,FDC48,OUT027,4730.345304
8,FDN33,OUT045,823.5700299
9,FDA36,OUT017,1245.287853
10,FDT44,OUT017,842.3752721
11,FDQ56,OUT045,3679.243778
12,NCC54,OUT019,1167.427335
13,FDU11,OUT049,3827.525678
14,DRL59,OUT013,-535.0448803
15,FDM24,OUT049,1602.364474
16,FDI57,OUT045,2904.132806
17,DRC12,OUT018,736.5339474
18,NCM42,OUT027,653.8746052
19,FDA46,OUT010,1738.762325
20,FDA31,OUT013,2166.943911
21,NCJ31,OUT035,3940.799536
22,FDG52,OUT046,2993.133052
23,NCL19,OUT019,633.0315756
24,FDS10,OUT035,1854.212053
25,FDX22,OUT010,568.845446
26,NCF19,OUT035,3666.811091
27,NCE06,OUT046,2301.579241
28,DRC27,OUT046,742.1304781
29,FDE21,OUT035,886.8976164
30,NCR42,OUT019,1333.346386
31,FDX51,OUT018,4138.547354
32,NCR06,OUT018,2518.513801
33,FDU31,OUT027,797.776607
34,FDU59,OUT017,1839.812089
35,FDR03,OUT027,2214.806465
36,FDS49,OUT027,-2.445192432
37,FDD48,OUT010,-848.5397324
38,NCF18,OUT017,2815.718398
39,NCD43,OUT027,1654.018533
40,NCD54,OUT018,3434.655365
41,FDY19,OUT010,-2.877142505
42,NCY54,OUT017,2691.699102
43,NCL19,OUT018,2706.292296
44,FDP23,OUT010,845.6790146
45,FDC26,OUT013,2498.670968
46,FDR14,OUT010,3386.991121
47,NCS41,OUT035,2490.588788
48,FDF41,OUT035,855.1206901
49,FDU34,OUT046,3875.675169
50,DRH11,OUT046,1222.102605
51,FDM03,OUT013,2308.637724
52,FDS31,OUT017,1898.168358
53,FDJ20,OUT017,1269.284431
54,FDV44,OUT027,1747.979205
55,FDG02,OUT049,647.6688087
56,FDA09,OUT013,944.4230558
57,FDT04,OUT013,1428.1098
58,FDL58,OUT019,2588.939539
59,FDE52,OUT045,2689.918907
60,FDW12,OUT035,2023.571849
61,FDL51,OUT017,2712.504813
62,NCY42,OUT027,1820.644162
63,FDR07,OUT017,1415.980059
64,FDN40,OUT045,3233.949061
65,FDB35,OUT027,2394.570595
66,FDA22,OUT017,814.9275756
67,NCL06,OUT046,3186.920838
68,FDI35,OUT013,429.7329936
69,NCW42,OUT045,588.6768915
70,NCX06,OUT049,4249.817163
71,FDC37,OUT027,1374.01679
72,FDZ14,OUT018,2959.439945
73,DRG49,OUT049,2965.595654
74,NCG06,OUT045,-329.3739438
75,DRC36,OUT045,2819.595244
76,FDV21,OUT019,1184.379215
77,FDB53,OUT046,686.004391
78,DRP47,OUT019,-124.0646312
79,FDA14,OUT013,1750.810582
80,DRC24,OUT035,1867.545999
81,FDW21,OUT018,-39.72588139
82,NCH29,OUT046,2575.990551
83,FDU58,OUT013,1032.024353
84,FDY27,OUT017,661.7254612
85,FDV56,OUT035,1580.370869
86,FDT59,OUT046,2439.614051
87,FDB23,OUT046,1965.863826
88,FDR49,OUT045,2492.342229
89,FDB03,OUT010,1095.014116
90,FDN39,OUT045,1825.594637
91,FDX02,OUT027,1635.543175
92,FDQ16,OUT027,2432.871866
93,FDU35,OUT018,2357.971783
94,NCT29,OUT013,1774.159608
95,FDZ27,OUT046,2095.386712
96,FDN57,OUT017,3059.867868
97,FDA03,OUT018,2092.476549
98,FDZ36,OUT045,2396.232286
99,NCU05,OUT013,832.518969
100,FDT39,OUT018,2195.940428
101,FDK60,OUT017,2585.685536
102,FDZ25,OUT017,3339.993649
103,FDG12,OUT046,1774.122371
104,DRB01,OUT019,1670.629899
105,NCC43,OUT027,1704.882228
106,FDX13,OUT019,2794.869331
107,FDM22,OUT049,2561.347234
108,FDJ03,OUT027,1450.956142
109,FDU14,OUT018,3789.05338
110,FDB33,OUT010,1819.414003
111,FDP27,OUT046,1620.73172
112,FDO38,OUT010,1096.883887
113,FDE28,OUT027,4089.498503
114,FDO27,OUT035,2132.417409
115,DRL23,OUT027,3534.201172
116,FDS28,OUT046,1991.846738
117,FDX24,OUT013,2046.299027
118,FDZ02,OUT035,3326.193935
119,FDL46,OUT045,1468.503623
120,FDS60,OUT027,2631.58341
121,NCO06,OUT017,2010.773168
122,FDO16,OUT035,3877.561845
123,FDC60,OUT049,1197.605194
124,FDA48,OUT018,2801.165795
125,FDZ36,OUT027,3290.439668
126,FDK27,OUT045,3023.173642
127,FDW23,OUT018,3863.429814
128,FDM14,OUT018,4046.50161
129,FDM14,OUT013,2280.4882
130,FDW60,OUT018,1744.35432
131,FDE21,OUT013,3273.981718
132,NCM42,OUT035,2936.288156
133,FDY59,OUT010,2248.609235
134,DRI49,OUT049,1813.915124
135,FDT28,OUT019,1569.068301
136,FDQ22,OUT018,848.330354
137,FDR60,OUT049,-462.7461009
138,FDC50,OUT019,2063.712795
139,FDV24,OUT013,2640.721585
140,DRF48,OUT010,1677.913138
141,FDQ47,OUT046,3955.397317
142,DRN36,OUT049,1201.846867
143,NCY06,OUT035,2700.197077
144,FDE52,OUT035,2808.800508
145,NCB54,OUT045,2567.873929
146,NCF31,OUT035,-53.61573414
147,FDJ08,OUT027,528.6678841
148,NCC07,OUT017,1804.942314
149,NCD19,OUT027,2357.142016
150,FDL46,OUT049,2625.88003
151,FDM20,OUT045,1382.705755
152,NCI06,OUT010,3284.644666
153,DRM11,OUT035,2278.346472
154,NCH07,OUT018,2903.643928
155,FDS23,OUT013,3423.453217
156,FDO49,OUT018,3923.420536
157,FDS35,OUT049,702.6545809
158,DRK39,OUT045,2526.183727
159,DRI39,OUT049,3547.540332
160,FDV04,OUT017,791.1178682
161,NCN14,OUT035,2766.705277
162,FDH08,OUT013,2540.135176
163,FDS20,OUT046,1658.567097
164,FDV40,OUT049,2229.883378
165,FDZ48,OUT010,1221.209936
166,FDS24,OUT027,736.8116769
167,FDK44,OUT049,-158.8108341
168,FDS48,OUT045,2202.602449
169,FDK26,OUT010,1670.191686
170,FDD23,OUT045,1192.166158
171,NCH54,OUT017,1909.733335
172,NCP14,OUT010,2856.695371
173,FDM60,OUT010,2101.880541
174,FDV24,OUT017,1769.711743
175,FDH08,OUT018,2932.585676
176,FDS12,OUT027,1867.152189
177,FDR39,OUT027,334.0919842
178,FDP12,OUT027,827.0675302
179,DRF60,OUT027,1502.111893
180,FDC09,OUT035,3052.401653
181,FDF50,OUT018,354.4953973
182,FDG28,OUT035,-990.0787579
183,NCE19,OUT017,2057.649023
184,NCM53,OUT010,1781.095831
185,NCN18,OUT049,2485.061143
186,FDF32,OUT035,1746.481502
187,FDF11,OUT013,1207.329794
188,DRI59,OUT049,2734.449879
189,NCG54,OUT035,1253.891044
190,FDM44,OUT046,2948.642532
191,FDT57,OUT018,1766.716237
192,FDV24,OUT046,1466.58149
193,FDI50,OUT019,1617.496254
194,FDS09,OUT035,876.3700563
195,NCC31,OUT027,1635.747634
196,FDQ07,OUT019,1664.838895
197,FDC22,OUT017,2339.965757
198,FDZ56,OUT046,1524.585456
199,FDZ40,OUT019,1658.08801
200,FDS46,OUT027,515.5834062
201,DRD24,OUT045,1471.441462
202,FDV45,OUT017,213.0397752
203,FDL26,OUT045,1766.17372
204,FDA56,OUT018,1867.419323
205,FDN27,OUT046,1811.868094
206,FDM20,OUT049,1941.875453
207,FDO16,OUT017,3641.854747
208,FDL03,OUT035,-73.255816
209,FDE58,OUT046,1646.275347
210,FDI02,OUT027,3127.141501
211,NCC55,OUT019,3774.762795
212,FDR03,OUT018,1778.574318
213,FDB14,OUT017,3299.371732
214,FDR45,OUT013,-1179.473944
215,NCN07,OUT017,3728.734987
216,FDM51,OUT019,834.184278
217,FDT52,OUT027,1728.284708
218,FDL26,OUT046,791.5420231
219,NCZ42,OUT046,1881.434543
220,DRI47,OUT019,578.9506578
221,FDW40,OUT013,649.5586405
222,FDN34,OUT046,1214.376135
223,FDS01,OUT035,1118.356973
224,NCG55,OUT045,3320.946377
225,FDC11,OUT035,3019.579432
226,FDX35,OUT018,1030.527946
227,NCB06,OUT046,3914.458892
228,FDR09,OUT019,2978.802613
229,FDC53,OUT017,2546.349137
230,FDY45,OUT013,2785.938741
231,FDA22,OUT010,1955.970581
232,FDE02,OUT035,3753.905299
233,FDW21,OUT045,2815.882058
234,FDV34,OUT046,1171.233325
235,FDS59,OUT049,2304.4559
236,NCW17,OUT017,1318.61704
237,NCK54,OUT046,2142.798076
238,FDG17,OUT019,3685.429184
239,FDG35,OUT017,1936.554153
240,FDD08,OUT010,787.5288282
241,NCO07,OUT017,2723.244077
242,FDJ10,OUT010,2662.136951
243,FDW36,OUT017,3939.521433
244,FDW21,OUT010,942.495904
245,FDY19,OUT017,2801.062746
246,DRE03,OUT013,3595.896134
247,NCC55,OUT049,3950.337508
248,FDH52,OUT010,986.6398335
249,FDO09,OUT017,2277.738801
250,FDU43,OUT045,2889.257243
251,FDX09,OUT010,721.9558769
252,FDH40,OUT019,1837.50441
253,FDW58,OUT017,702.5022061
254,FDC47,OUT017,-1050.536385
255,NCR41,OUT035,2215.40043
256,DRG49,OUT035,2533.645221
257,FDC52,OUT027,2216.599536
258,FDY13,OUT046,1978.306184
259,FDY35,OUT013,614.604096
260,FDI35,OUT017,942.3610733
261,NCU18,OUT049,1409.916503
262,FDY33,OUT018,1371.013233
263,FDC15,OUT027,2595.420702
264,FDU01,OUT049,3269.788127
265,NCU42,OUT046,1422.797359
266,NCV29,OUT018,1415.381307
267,NCY30,OUT017,1509.453754
268,FDQ46,OUT049,2915.749284
269,FDG58,OUT027,3291.223792
270,FDK33,OUT017,1204.156861
271,NCD07,OUT045,624.153511
272,NCX29,OUT027,1563.29128
273,NCT42,OUT013,2190.280061
274,DRN59,OUT035,2649.136274
275,FDI44,OUT035,149.4450629
276,FDA45,OUT049,2796.612915
277,FDP31,OUT045,1637.178801
278,FDY01,OUT046,2861.326332
279,FDT09,OUT018,3993.313099
280,DRH03,OUT027,3465.889762
281,FDA36,OUT018,2354.051766
282,NCF31,OUT017,2209.572703
283,FDG14,OUT049,3617.252298
284,FDG28,OUT027,3331.214733
285,FDU14,OUT049,1520.848527
286,FDY47,OUT019,-750.0029511
287,FDI56,OUT049,2878.509191
288,DRD01,OUT013,2312.904594
289,FDM22,OUT046,2343.264916
290,FDH33,OUT013,685.6109619
291,DRZ24,OUT013,2598.900233
292,NCQ38,OUT046,1578.634986
293,FDO16,OUT027,3026.589137
294,FDU07,OUT027,2059.198384
295,NCB07,OUT013,2461.344346
296,FDU48,OUT045,2504.797242
297,NCM43,OUT045,1647.956705
298,FDR31,OUT010,4.708940417
299,DRK49,OUT018,965.5201453
300,NCI30,OUT010,979.3665889
301,DRD60,OUT017,2449.816969
302,NCG19,OUT046,830.4298136
303,FDH12,OUT035,2480.059497
304,FDM32,OUT035,1888.957343
305,FDM27,OUT035,1737.610714
306,NCU53,OUT027,2344.231214
307,NCQ18,OUT046,832.8999607
308,FDS10,OUT013,-951.1050988
309,FDB33,OUT027,1881.439172
310,FDI12,OUT013,4899.680731
311,NCW42,OUT013,763.4672989
312,NCC06,OUT018,927.5087915
313,FDW02,OUT017,4109.458338
314,NCD43,OUT017,4966.761676
315,FDM57,OUT018,4508.611505
316,FDA58,OUT017,2787.939497
317,FDK56,OUT046,1883.764173
318,FDP52,OUT045,1934.474128
319,FDW20,OUT018,2657.572347
320,FDS52,OUT049,5021.278523
321,NCT29,OUT018,1884.24586
322,NCL54,OUT013,3352.298631
323,FDC05,OUT045,972.774864
324,FDF34,OUT035,329.5491627
325,FDP03,OUT027,1309.023278
326,FDD32,OUT010,2739.309409
327,FDZ10,OUT045,3912.639735
328,FDZ40,OUT035,3055.745848
329,FDD51,OUT018,912.1513526
330,NCY30,OUT019,1899.528654
331,FDP58,OUT017,3003.449574
332,FDV49,OUT017,301.6315798
333,FDY24,OUT019,1758.610187
334,NCO55,OUT017,1552.671128
335,FDR13,OUT017,1498.938408
336,FDS51,OUT017,1811.644366
337,FDP26,OUT045,1639.233721
338,NCB54,OUT027,2041.043441
339,FDF32,OUT017,722.224238
340,FDN31,OUT018,4136.673442
341,DRM48,OUT017,4103.866212
342,FDN20,OUT049,867.4400366
343,DRL01,OUT046,4213.052486
344,FDV56,OUT049,3208.246027
345,DRH13,OUT027,1530.667371
346,FDA03,OUT017,1844.265805
347,FDF47,OUT027,3205.120565
348,FDX32,OUT046,3461.643673
349,FDX57,OUT049,2083.517165
350,NCA30,OUT045,1455.509328
351,FDO49,OUT013,601.6332125
352,FDL04,OUT019,4243.260873
353,DRM48,OUT035,1933.541602
354,FDR16,OUT013,-403.8157065
355,NCC19,OUT018,2767.826327
356,NCE42,OUT045,2881.309774
357,FDY24,OUT017,2623.300614
358,FDH19,OUT049,1064.186663
359,FDJ46,OUT013,1904.000046
360,FDN45,OUT010,1985.697841
361,FDY08,OUT035,2783.303057
362,FDZ37,OUT035,2980.538647
363,NCT30,OUT045,1796.703268
364,DRY23,OUT018,2786.232756
365,NCZ30,OUT018,1422.584595
366,FDC44,OUT018,-976.7293543
367,FDB45,OUT035,2482.583871
368,FDY04,OUT013,2906.47865
369,FDM27,OUT046,998.0659853
370,FDZ43,OUT017,2384.65835
371,FDT39,OUT019,980.1130665
372,NCC06,OUT019,1603.35517
373,FDL15,OUT027,2177.870578
374,FDL57,OUT017,2613.701166
375,FDU08,OUT046,3447.882214
376,FDK40,OUT017,2709.795396
377,FDQ12,OUT010,4243.268632
378,FDS48,OUT017,2030.42743
379,FDP09,OUT045,3902.408498
380,FDW21,OUT049,1791.772349
381,FDY25,OUT035,1606.89769
382,DRE13,OUT017,1424.508061
383,FDV43,OUT019,3418.357995
384,FDD22,OUT045,644.28532
385,FDM46,OUT019,2909.956659
386,NCO30,OUT010,4615.239025
387,FDM25,OUT046,3446.676711
388,NCN41,OUT049,2021.860527
389,FDU24,OUT045,1756.062666
390,FDZ50,OUT046,754.0521243
391,FDP45,OUT013,3287.21888
392,NCM54,OUT045,530.5849434
393,FDW10,OUT019,-5.688220761
394,FDP20,OUT017,2445.865292
395,FDK32,OUT046,790.7932463
396,FDN52,OUT049,762.2311445
397,FDM58,OUT045,1415.136859
398,FDZ46,OUT027,3848.492893
399,NCA18,OUT018,3784.092604
400,FDD35,OUT046,3789.779015
401,NCK31,OUT035,999.3865604
402,FDI40,OUT027,1642.40048
403,FDT50,OUT019,1826.299537
404,NCT06,OUT046,2726.475787
405,FDT31,OUT035,1566.865594
406,FDT45,OUT049,2749.183597
407,FDT13,OUT045,1544.736623
408,FDO50,OUT045,826.8383516
409,NCU18,OUT010,841.3559091
410,NCR54,OUT049,3821.16808
411,NCO18,OUT018,-993.1884767
412,FDU09,OUT045,2099.786787
413,FDT13,OUT018,2212.316307
414,FDE09,OUT046,2629.682663
415,NCK53,OUT019,2318.743302
416,FDG45,OUT049,1321.319537
417,DRH15,OUT035,-42.8260765
418,FDO21,OUT019,1026.830285
419,FDD14,OUT027,1801.946033
420,FDC09,OUT046,2318.682432
421,FDH45,OUT027,3444.182942
422,FDV32,OUT046,2895.438298
423,FDG12,OUT035,2845.988722
424,FDS32,OUT013,828.0442117
425,NCL55,OUT018,2376.647746
426,DRE01,OUT035,1528.733061
427,DRE15,OUT049,1719.15963
428,NCL42,OUT045,2995.273364
429,FDP31,OUT013,847.985188
430,FDN33,OUT018,3371.058201
431,FDZ59,OUT046,2337.523237
432,FDE45,OUT010,2729.877017
433,FDJ07,OUT013,4002.899878
434,FDQ45,OUT018,3009.282391
435,FDM33,OUT027,3118.914545
436,FDO15,OUT010,1983.391907
437,FDM46,OUT013,2101.972914
438,FDR03,OUT045,628.7562884
439,FDY49,OUT018,957.5136486
440,FDQ60,OUT045,1691.891082
441,FDW10,OUT049,4026.128369
442,FDO51,OUT049,-1078.829783
443,FDJ40,OUT018,2250.224055
444,FDS20,OUT018,2970.373985
445,FDU45,OUT013,827.7292229
446,FDV02,OUT035,3883.179104
447,FDN09,OUT046,1725.120596
448,NCM55,OUT027,1448.40212
449,FDN23,OUT018,704.7047443
450,FDY31,OUT010,2053.233478
451,FDW03,OUT010,4200.415062
452,FDD14,OUT046,3208.754526
453,FDV23,OUT017,4127.769911
454,DRI03,OUT045,906.3010696
455,FDN13,OUT035,2729.591759
456,FDF45,OUT027,688.1500914
457,FDU46,OUT035,808.774669
458,FDB57,OUT049,761.3879102
459,FDV12,OUT049,1739.762022
460,FDQ58,OUT013,2597.49356
461,NCA18,OUT017,3849.677471
462,FDH52,OUT049,1613.766226
463,FDM24,OUT018,4570.072298
464,NCP43,OUT027,3144.617845
465,NCO18,OUT019,3593.250214
466,FDM32,OUT017,1844.569382
467,NCL07,OUT017,2264.00053
468,FDK03,OUT013,1741.603703
469,FDP59,OUT017,2294.48868
470,FDQ24,OUT049,3950.121827
471,FDQ16,OUT018,2166.992103
472,FDU44,OUT013,-195.8098803
473,FDH28,OUT010,1636.54148
474,FDV28,OUT019,3256.350498
475,FDM22,OUT045,2133.178591
476,FDR56,OUT046,1749.359419
477,FDV39,OUT049,2512.554775
478,FDU37,OUT019,-808.5390538
479,FDQ11,OUT010,4687.869812
480,FDX02,OUT045,3246.073804
481,NCS42,OUT018,1774.10475
482,FDY57,OUT027,3437.042481
483,FDB21,OUT049,1265.020551
484,FDE28,OUT017,66.95560012
485,FDQ55,OUT017,2756.213241
486,FDA48,OUT049,651.8700479
487,FDZ19,OUT045,2385.937982
488,NCC43,OUT045,4260.326522
489,NCV18,OUT046,1218.36715
490,NCA42,OUT018,1853.643446
491,FDY45,OUT046,3720.926495
492,NCC30,OUT045,1590.860672
493,FDM57,OUT013,3481.861084
494,FDL09,OUT010,2912.039828
495,FDB09,OUT027,711.5352794
496,FDT44,OUT035,1175.3459
497,NCT06,OUT027,2939.801931
498,FDX26,OUT049,1419.46143
499,FDK32,OUT013,1493.080636
500,DRA12,OUT046,1380.322018
501,FDO46,OUT010,3961.271913
502,FDE52,OUT013,3989.902254
503,NCH42,OUT045,1535.649151
504,FDV08,OUT035,2521.293965
505,FDB47,OUT018,-469.2216168
506,FDC28,OUT010,2114.120493
507,FDD22,OUT046,3352.957404
508,FDS07,OUT027,2215.24197
509,DRI13,OUT045,1730.358915
510,FDG32,OUT018,3451.411321
511,FDU14,OUT017,3990.801513
512,FDD28,OUT019,899.4633795
513,NCP41,OUT017,1304.725636
514,FDS08,OUT049,1787.804096
515,FDX47,OUT045,2929.025161
516,FDC53,OUT019,3857.634076
517,FDQ19,OUT035,3617.182255
518,FDL14,OUT045,2372.681129
519,FDM33,OUT019,2663.293298
520,FDA51,OUT045,4642.472398
521,FDZ27,OUT018,1660.338502
522,FDT04,OUT046,2321.982577
523,DRC13,OUT049,1701.544823
524,FDR16,OUT027,3305.085205
525,FDQ03,OUT027,1589.668222
526,FDE38,OUT035,854.6679974
527,DRH23,OUT027,4601.55289
528,FDT11,OUT019,3697.903402
529,FDD09,OUT035,2337.715795
530,FDR40,OUT045,2792.174847
531,FDX07,OUT017,428.9754504
532,FDR07,OUT035,2054.651351
533,FDA51,OUT017,3191.643715
534,FDT59,OUT019,2172.262768
535,FDF20,OUT017,3990.068412
536,FDR13,OUT045,989.4904327
537,FDY26,OUT049,1432.576141
538,FDW04,OUT017,2377.467348
539,FDK52,OUT017,-356.833023
540,FDN60,OUT049,3356.0736
541,FDM09,OUT019,2577.084609
542,FDP46,OUT049,2596.394212
543,FDB50,OUT019,2605.088114
544,NCQ29,OUT049,2467.932582
545,FDP16,OUT027,1710.982219
546,FDX33,OUT018,1325.019301
547,FDP07,OUT010,2196.144462
548,FDN22,OUT046,580.1613814
549,FDF39,OUT049,1145.184922
550,FDS21,OUT017,421.3513919
551,NCM42,OUT013,2400.310802
552,FDK50,OUT019,1655.845145
553,DRF13,OUT027,2661.52905
554,FDH35,OUT018,2715.01654
555,FDP60,OUT018,2394.33664
556,DRJ49,OUT027,2388.089588
557,NCT42,OUT019,2709.174919
558,FDE38,OUT049,2309.262946
559,FDI04,OUT049,620.761303
560,NCH54,OUT045,1681.250172
561,FDT56,OUT049,1964.913748
562,DRD15,OUT018,2113.054168
563,FDV58,OUT013,-796.4803583
564,FDP21,OUT049,3528.517153
565,FDH05,OUT013,1608.248194
566,FDR10,OUT027,2290.077341
567,NCP06,OUT045,3955.563794
568,FDF33,OUT049,1861.437854
569,DRK37,OUT013,929.4050291
570,DRH49,OUT045,2713.629168
571,FDT58,OUT013,1516.271793
572,FDD41,OUT018,1873.280509
573,FDP40,OUT018,2260.613755
574,FDM51,OUT027,3032.516603
575,FDO45,OUT010,1578.477448
576,FDW33,OUT010,5115.391982
577,FDY24,OUT045,2031.269205
578,FDB10,OUT010,1042.556307
579,FDM40,OUT035,1218.630382
580,NCI06,OUT017,3664.263548
581,FDW12,OUT019,1558.250613
582,FDX48,OUT027,4261.374907
583,NCW05,OUT027,1768.396504
584,FDX27,OUT017,360.4272775
585,DRM37,OUT045,3344.188788
586,FDA38,OUT045,648.3216462
587,FDR36,OUT046,2731.870616
588,FDZ45,OUT046,2233.328397
589,FDG05,OUT017,4161.766236
590,FDK28,OUT013,2584.459311
591,FDV47,OUT045,3033.498212
592,FDN21,OUT045,3547.20046
593,FDP20,OUT027,3844.720943
594,FDI35,OUT045,-709.5826359
595,DRY23,OUT013,1421.687164
596,FDA56,OUT017,1331.498268
597,FDB09,OUT013,1774.569733
598,NCO26,OUT027,2258.721074
599,FDQ49,OUT018,2953.527214
600,FDI52,OUT027,1344.444796
601,FDZ44,OUT027,2092.655052
602,FDZ09,OUT018,911.8697856
603,FDY03,OUT049,1108.495023
604,NCG42,OUT017,4334.24813
605,DRI13,OUT027,1424.560208
606,FDQ32,OUT013,409.6119009
607,FDW16,OUT035,2361.302277
608,FDU27,OUT046,918.8464692
609,FDR28,OUT010,3561.83226
610,FDQ49,OUT010,2627.712179
611,FDS37,OUT046,128.4104403
612,FDW26,OUT018,1282.992338
613,FDX12,OUT018,2488.574332
614,NCP06,OUT013,4182.99226
615,FDW45,OUT010,3594.475755
616,NCN30,OUT049,2441.84673
617,FDN24,OUT049,1318.737608
618,NCL41,OUT027,1936.26962
619,FDR02,OUT019,2791.169925
620,FDD09,OUT010,1685.972582
621,FDS33,OUT010,5026.353526
622,FDU22,OUT045,901.190718
623,FDI53,OUT013,2711.897369
624,DRH01,OUT049,2474.514884
625,FDX32,OUT013,2808.449777
626,NCP30,OUT018,2133.26646
627,FDB60,OUT045,2679.807852
628,FDB14,OUT049,2278.577227
629,NCP02,OUT035,566.6683337
630,FDJ10,OUT017,325.3517486
631,FDG34,OUT046,1388.439947
632,NCB18,OUT017,1796.315622
633,FDM16,OUT049,1225.987498
634,FDW25,OUT018,2633.520457
635,FDB35,OUT010,1532.763641
636,DRN11,OUT013,3087.703601
637,FDF41,OUT019,3746.169753
638,FDH16,OUT045,2900.01921
639,NCQ50,OUT018,3016.52261
640,DRH23,OUT018,4354.814918
641,DRJ37,OUT013,2822.523548
642,DRJ24,OUT027,3783.562469
643,FDY16,OUT035,1948.395414
644,FDQ27,OUT045,3558.612028
645,FDZ33,OUT045,4726.360868
646,FDF29,OUT045,4028.246136
647,FDA08,OUT049,227.4085189
648,FDG31,OUT046,800.8187696
649,FDE34,OUT019,2746.459379
650,NCR30,OUT027,3260.431504
651,FDV33,OUT035,2473.28382
652,DRZ24,OUT018,3517.861675
653,NCL54,OUT035,1773.355792
654,FDR12,OUT049,1575.011979
655,NCC54,OUT046,-185.7352408
656,DRN59,OUT013,2580.271747
657,FDX50,OUT019,1668.088709
658,FDV31,OUT027,3610.387793
659,NCA29,OUT027,1427.799094
660,FDW60,OUT049,2821.599938
661,FDX08,OUT017,909.2234095
662,DRD49,OUT013,2995.769921
663,FDD33,OUT046,2339.119723
664,FDW35,OUT013,119.3282365
665,FDJ36,OUT017,722.8950924
666,FDV51,OUT035,1515.541797
667,FDW36,OUT046,1862.09827
668,FDH35,OUT046,1408.183315
669,NCS30,OUT027,953.0029956
670,FDN49,OUT017,1646.789003
671,FDL08,OUT018,893.2008744
672,FDI09,OUT013,2704.165481
673,FDP19,OUT018,585.9666133
674,FDU21,OUT010,-1086.478454
675,NCP41,OUT045,1716.235363
676,FDY10,OUT013,3317.316145
677,FDP12,OUT018,3513.791907
678,NCN26,OUT049,1757.211912
679,FDK44,OUT013,-1015.988086
680,FDC28,OUT049,3936.097128
681,FDJ41,OUT027,1961.376557
682,NCT29,OUT035,-320.2761636
683,NCH42,OUT019,1744.892666
684,FDU60,OUT018,968.3507418
685,FDS02,OUT045,194.0049423
686,FDC51,OUT046,862.4035314
687,FDU03,OUT013,1671.613538
688,FDX39,OUT045,3711.201655
689,NCY05,OUT010,1888.487649
690,NCL06,OUT027,1990.894224
691,FDD32,OUT035,2008.805317
692,NCN41,OUT045,2468.803903
693,NCX53,OUT049,2870.677888
694,FDU57,OUT019,2661.476349
695,FDQ23,OUT046,1428.485236
696,FDQ52,OUT045,1367.24011
697,FDC14,OUT045,621.6576164
698,FDY09,OUT035,829.5623845
699,FDQ28,OUT045,3066.303098
700,FDV25,OUT046,3548.652171
701,FDJ07,OUT035,5156.248919
702,DRB25,OUT049,1824.922151
703,FDK52,OUT019,3298.064335
704,FDY52,OUT027,2327.431417
705,FDB28,OUT046,2081.692233
706,FDT36,OUT035,1643.785541
707,FDV25,OUT017,2673.127218
708,NCN07,OUT027,-421.5567725
709,FDC57,OUT017,1397.100684
710,FDQ03,OUT018,1832.132678
711,FDU23,OUT017,134.2927586
712,NCX41,OUT035,2247.814043
713,NCD06,OUT035,3853.217987
714,FDW08,OUT045,1617.449939
715,NCU29,OUT017,2913.454023
716,NCE06,OUT013,1775.411124
717,FDV52,OUT010,2895.541594
718,FDB02,OUT017,3885.288602
719,NCR18,OUT045,2420.831904
720,FDK16,OUT049,4957.935263
721,NCQ29,OUT010,3078.578032
722,FDZ01,OUT019,2923.845905
723,FDW27,OUT035,2673.841987
724,FDD17,OUT018,1895.784944
725,FDW39,OUT013,2618.779826
726,DRH59,OUT045,3614.722417
727,FDS52,OUT013,1720.694943
728,FDU40,OUT027,1879.766166
729,NCF54,OUT013,1845.166296
730,FDH46,OUT045,631.299242
731,NCP14,OUT049,1843.077665
732,FDH50,OUT049,1344.463501
733,DRF15,OUT010,3023.349574
734,FDV27,OUT027,3800.950536
735,NCJ06,OUT049,1837.527145
736,FDN02,OUT018,1746.095314
737,FDQ51,OUT049,2223.46962
738,FDQ07,OUT017,3054.727401
739,FDS45,OUT049,3908.266777
740,NCJ06,OUT045,862.1445885
741,FDD36,OUT035,2366.429798
742,FDY25,OUT045,1500.995202
743,FDU52,OUT046,1878.490132
744,DRK47,OUT017,783.983749
745,NCL30,OUT017,742.6547567
746,FDN22,OUT035,1913.53522
747,NCF30,OUT027,2775.408635
748,FDK03,OUT035,2848.93748
749,FDT45,OUT017,2668.850118
750,NCC54,OUT027,1504.528515
751,FDP08,OUT018,2987.727343
752,FDU44,OUT046,1649.745296
753,DRG39,OUT035,4274.214145
754,FDU32,OUT049,1863.447423
755,FDY27,OUT049,1977.367785
756,NCP54,OUT013,2292.047924
757,NCZ41,OUT049,2676.685598
758,DRL49,OUT013,125.4726671
759,FDI05,OUT018,-83.02590854
760,FDY56,OUT045,3667.44417
761,DRC13,OUT013,3598.959086
762,NCV29,OUT017,512.2481624
763,FDR24,OUT049,579.4238409
764,FDZ34,OUT018,4956.646559
765,FDP37,OUT035,278.7929768
766,FDX08,OUT027,1568.145704
767,FDS57,OUT045,2981.814514
768,NCG18,OUT049,2801.600265
769,FDK25,OUT018,-470.7696574
770,FDH53,OUT049,3976.851327
771,DRI59,OUT018,2525.453262
772,FDA52,OUT046,1640.351778
773,FDT20,OUT010,853.6068979
774,FDE36,OUT019,538.0536618
775,FDI24,OUT017,2714.991356
776,FDB28,OUT018,1523.897374
777,FDV11,OUT017,2564.263919
778,FDP01,OUT046,3672.545821
779,FDD34,OUT027,3681.943835
780,FDJ50,OUT027,1167.529673
781,FDZ44,OUT013,2970.848674
782,DRO59,OUT035,3824.666717
783,DRB48,OUT045,3280.098975
784,FDR21,OUT018,1052.303105
785,NCE42,OUT010,2238.206876
786,FDO23,OUT046,1721.447428
787,NCE30,OUT018,3559.278791
788,FDQ22,OUT035,3361.169411
789,FDY01,OUT045,2349.117616
790,FDS08,OUT017,810.1108782
791,FDG28,OUT018,1808.538525
792,FDQ51,OUT018,3494.946221
793,FDB05,OUT017,2063.403461
794,FDO56,OUT049,88.35603049
795,FDE02,OUT018,2354.811033
796,FDN45,OUT017,1626.557572
797,FDS09,OUT013,146.8560024
798,NCA54,OUT018,2765.12699
799,FDP09,OUT010,2961.163466
800,FDC53,OUT045,2488.196207
801,NCM55,OUT017,2752.202012
802,FDL09,OUT018,1930.356623
803,FDA11,OUT019,4164.79851
804,FDA50,OUT045,2488.015847
805,FDC23,OUT017,841.7319567
806,FDE22,OUT049,1650.395324
807,FDD23,OUT046,2478.175485
808,NCA29,OUT049,2348.136116
809,FDK38,OUT046,977.0072967
810,DRC13,OUT046,4051.232334
811,NCP43,OUT049,3508.884637
812,FDX28,OUT049,1764.901741
813,FDF08,OUT049,2678.126177
814,FDZ33,OUT046,2495.270801
815,FDD10,OUT049,1751.29177
816,FDO58,OUT017,1142.302978
817,FDI50,OUT017,3114.616053
818,FDO58,OUT045,2740.623937
819,FDX08,OUT013,2668.646993
820,NCK17,OUT010,1190.379723
821,FDF39,OUT035,2751.849844
822,FDU45,OUT010,1914.771297
823,NCJ18,OUT018,1006.109804
824,DRC27,OUT019,1749.173117
825,DRC25,OUT035,2869.065835
826,FDU59,OUT035,976.0332876
827,FDU28,OUT035,-356.3952237
828,NCP30,OUT046,2710.987696
829,FDB39,OUT018,1518.072022
830,FDE41,OUT013,2746.909798
831,DRH11,OUT010,2255.119296
832,FDA58,OUT045,1049.451219
833,FDU50,OUT046,2734.144031
834,FDM34,OUT013,2248.102847
835,FDM44,OUT027,2861.978939
836,FDR39,OUT045,1824.673482
837,FDM25,OUT045,2497.055688
838,FDQ49,OUT049,2781.310056
839,DRH25,OUT018,2344.707829
840,FDM09,OUT027,3176.950722
841,FDL44,OUT019,2414.835526
842,NCR42,OUT018,3899.181001
843,DRL59,OUT046,1810.511722
844,FDX43,OUT013,2443.583844
845,DRK47,OUT010,1445.405319
846,FDU48,OUT018,1557.027687
847,FDY12,OUT045,561.5279559
848,NCN43,OUT018,3948.591322
849,NCM55,OUT018,3646.072297
850,FDQ21,OUT027,1854.008518
851,FDX13,OUT035,2649.700734
852,NCK30,OUT027,1501.283317
853,FDG20,OUT049,1915.075913
854,DRG27,OUT017,1934.263113
855,FDY14,OUT018,2902.548563
856,FDP59,OUT035,793.6680697
857,FDU60,OUT017,2315.424779
858,NCC18,OUT019,2665.565393
859,DRJ39,OUT017,3903.00452
860,FDS07,OUT049,78.53126548
861,FDM08,OUT027,65.99249729
862,FDP51,OUT045,1060.331329
863,FDU16,OUT035,891.1459341
864,FDH12,OUT013,1234.089252
865,DRE48,OUT010,2915.20152
866,NCL42,OUT027,3015.892539
867,FDR21,OUT045,2567.445346
868,NCW29,OUT035,2562.122316
869,FDO11,OUT013,354.6928781
870,NCM31,OUT049,712.8113366
871,FDV35,OUT019,1127.632398
872,FDF58,OUT017,2145.377194
873,NCE43,OUT049,3572.626878
874,FDA02,OUT035,4297.055969
875,DRL37,OUT010,1130.007234
876,FDR24,OUT018,3302.236865
877,FDW59,OUT049,1470.71872
878,FDS22,OUT049,1055.958246
879,FDW24,OUT017,2474.924201
880,FDU24,OUT035,3503.578755
881,FDA21,OUT027,944.5939959
882,FDH58,OUT027,2644.559434
883,FDW36,OUT018,2918.107111
884,FDI45,OUT027,4764.528332
885,FDU01,OUT018,2373.272978
886,FDF35,OUT027,2029.62448
887,FDU43,OUT019,1948.357354
888,FDE24,OUT019,1992.619653
889,FDK50,OUT049,171.2296881
890,FDG31,OUT045,4306.589291
891,FDC60,OUT045,-274.4850734
892,FDL36,OUT013,1806.707907
893,FDP21,OUT013,825.5933543
894,FDW16,OUT045,3956.723912
895,FDX02,OUT017,2647.567751
896,FDQ58,OUT027,666.6308292
897,FDT51,OUT046,2087.064753
898,FDD59,OUT049,3148.82879
899,NCM42,OUT018,2769.464586
900,FDA57,OUT018,1051.890691
901,FDZ48,OUT035,1542.796295
902,FDE46,OUT045,857.135224
903,NCZ30,OUT019,1965.376288
904,FDB56,OUT017,3186.990676
905,FDA25,OUT027,1905.548835
906,FDD20,OUT013,1671.104714
907,FDL25,OUT013,2668.319179
908,NCO18,OUT049,950.0926904
909,FDJ45,OUT017,1243.076038
910,FDR12,OUT035,1875.303129
911,NCF19,OUT010,4775.194286
912,FDK25,OUT046,2467.251944
913,NCR17,OUT046,602.1639594
914,FDC52,OUT046,1149.373313
915,NCA54,OUT017,787.5868896
916,FDR45,OUT010,936.5797566
917,NCM19,OUT049,3989.923677
918,FDF39,OUT027,1870.450453
919,FDX23,OUT049,4866.782865
920,FDD58,OUT027,3128.293419
921,FDX28,OUT013,3127.527176
922,NCD31,OUT013,3372.526601
923,FDU57,OUT018,2613.598294
924,FDI27,OUT046,3473.800413
925,NCM42,OUT046,285.1543089
926,FDD32,OUT027,-488.0576289
927,FDI34,OUT013,1729.218704
928,NCM29,OUT049,2964.833171
929,FDG46,OUT018,2106.375172
930,DRC01,OUT010,904.9359219
931,FDB15,OUT027,2263.196755
932,NCA17,OUT027,1503.819007
933,FDF10,OUT046,1744.924462
934,FDR26,OUT027,1986.58383
935,FDI02,OUT049,3417.486751
936,NCM54,OUT010,1941.217482
937,FDF14,OUT013,2061.125788
938,FDJ33,OUT010,4853.265337
939,FDM20,OUT035,1614.679967
940,FDC03,OUT027,265.5657184
941,NCX05,OUT046,3490.349954
942,NCM41,OUT027,2542.902588
943,NCU29,OUT010,1022.462749
944,FDQ59,OUT017,2029.692069
945,FDH46,OUT010,3863.338194
946,FDH09,OUT013,2912.850414
947,NCD06,OUT045,388.0748108
948,FDC15,OUT035,2161.188941
949,DRD37,OUT027,1393.534408
950,FDT28,OUT027,3271.396714
951,FDR28,OUT027,1148.151781
952,FDT38,OUT017,3303.505977
953,FDV34,OUT027,3836.654315
954,FDY52,OUT035,1757.302256
955,FDB34,OUT013,1898.50791
956,DRL23,OUT018,2252.222104
957,DRB24,OUT046,2556.717689
958,FDJ50,OUT046,2464.530036
959,FDQ49,OUT035,-232.5691383
960,FDP20,OUT035,4506.306475
961,FDV19,OUT027,2414.074671
962,NCR54,OUT045,4064.065032
963,FDO09,OUT010,650.1141486
964,FDS57,OUT018,3170.053744
965,FDN10,OUT049,930.2352781
966,FDV23,OUT049,2194.531935
967,FDY28,OUT049,3304.687906
968,DRG51,OUT013,3436.34754
969,FDD45,OUT019,2085.192279
970,NCL18,OUT027,2692.138819
971,NCM29,OUT013,1560.614949
972,FDF17,OUT027,-679.230458
973,FDE22,OUT017,2820.607958
974,FDQ22,OUT017,3387.046467
975,FDS01,OUT013,3266.5181
976,FDW35,OUT027,1466.122966
977,FDJ33,OUT046,4038.237767
978,NCF54,OUT035,1492.529233
979,FDE09,OUT013,1901.964864
980,NCE06,OUT045,1697.878964
981,DRH49,OUT049,1246.144458
982,FDY43,OUT045,303.3340114
983,NCT05,OUT017,2638.490253
984,FDZ34,OUT045,992.5871907
985,FDL38,OUT017,2670.871737
986,FDZ31,OUT017,629.2302996
987,FDR14,OUT035,3038.71824
988,NCN54,OUT049,3882.167719
989,NCC42,OUT027,3723.578742
990,FDK08,OUT017,1709.149241
991,FDP59,OUT013,1193.254548
992,FDV22,OUT035,858.4976043
993,FDD33,OUT035,3091.112008
994,DRE60,OUT027,2141.65563
995,FDK52,OUT046,3027.027585
996,FDA02,OUT017,2777.626782
997,FDM56,OUT049,1220.799004
998,FDE57,OUT035,2799.413884
999,FDM32,OUT045,2166.87111
1000,NCQ30,OUT027,1852.809844
1001,FDQ27,OUT027,1669.751473
1002,FDT60,OUT027,3860.952402
1003,FDU43,OUT049,985.3780414
1004,NCO55,OUT035,1348.776856
1005,FDG02,OUT045,771.6904271
1006,FDJ28,OUT013,2654.938296
1007,FDP40,OUT045,614.479911
1008,FDJ38,OUT045,2726.089686
1009,NCC54,OUT017,3428.067493
1010,NCZ41,OUT046,2308.363068
1011,FDK38,OUT019,2359.734314
1012,FDU52,OUT013,3744.626299
1013,FDC40,OUT046,2119.997787
1014,NCR30,OUT017,2354.340333
1015,NCN18,OUT017,3012.937681
1016,FDB50,OUT035,1135.005968
1017,FDG04,OUT013,2879.613643
1018,FDR26,OUT035,2484.79278
1019,NCT17,OUT018,797.3564479
1020,FDX35,OUT027,2103.007532
1021,FDS12,OUT046,2377.718671
1022,NCZ29,OUT027,3142.334603
1023,FDB38,OUT010,2421.862697
1024,FDP12,OUT013,2941.259044
1025,FDP22,OUT046,1637.374685
1026,FDS26,OUT018,3749.657859
1027,FDR52,OUT046,927.9872379
1028,DRJ13,OUT046,1554.288787
1029,FDU48,OUT027,2174.336753
1030,FDE29,OUT035,1476.01199
1031,NCT29,OUT049,1771.451078
1032,DRK37,OUT018,1720.841781
1033,FDK55,OUT046,1254.711193
1034,FDR07,OUT046,2161.488153
1035,FDO21,OUT027,1488.071385
1036,FDK46,OUT049,3669.046462
1037,FDB12,OUT045,3938.919111
1038,FDT31,OUT027,3875.871855
1039,FDJ33,OUT045,3422.327913
1040,FDC26,OUT027,839.1976449
1041,NCQ02,OUT045,2916.682647
1042,FDP08,OUT010,2120.22317
1043,FDB11,OUT027,1358.266336
1044,FDV55,OUT013,2210.21748
1045,FDW20,OUT049,2305.081678
1046,NCJ18,OUT019,-994.763331
1047,FDC41,OUT018,-512.1839663
1048,FDE14,OUT027,2532.641436
1049,FDG35,OUT013,3506.115295
1050,FDF45,OUT035,2820.156334
1051,FDS19,OUT027,4229.907316
1052,FDS58,OUT019,2571.206007
1053,FDA26,OUT017,2853.150701
1054,FDM32,OUT049,1286.308726
1055,FDL45,OUT046,629.0711285
1056,FDZ55,OUT049,2090.660028
1057,FDY37,OUT049,4062.286659
1058,FDO46,OUT046,601.5020998
1059,FDQ60,OUT046,3673.133609
1060,FDA19,OUT018,1754.605401
1061,FDL15,OUT046,3940.733679
1062,FDM10,OUT018,1146.48584
1063,NCL05,OUT017,1719.886281
1064,DRK49,OUT010,3002.976843
1065,NCE18,OUT027,2329.661498
1066,FDG40,OUT049,2263.699756
1067,DRI59,OUT045,3632.962928
1068,FDK28,OUT035,452.9294141
1069,NCD06,OUT019,3065.57664
1070,FDO11,OUT019,1085.429719
1071,FDK27,OUT046,2804.751043
1072,FDT43,OUT027,780.9298975
1073,FDD38,OUT018,2718.616579
1074,FDA16,OUT049,2189.911151
1075,FDL14,OUT027,2340.931198
1076,NCM17,OUT049,1014.446561
1077,FDD20,OUT045,2524.453252
1078,FDA40,OUT045,1539.495069
1079,FDL43,OUT045,3190.590207
1080,FDV15,OUT045,3454.199149
1081,FDE52,OUT046,2068.938275
1082,NCL17,OUT010,2044.26148
1083,NCJ31,OUT045,1031.589927
1084,FDR60,OUT045,3008.30411
1085,NCA18,OUT035,4102.765825
1086,FDS21,OUT027,1503.633126
1087,FDW09,OUT035,89.30933617
1088,FDL26,OUT035,776.2457968
1089,FDS47,OUT018,3506.089473
1090,FDC39,OUT046,3963.344323
1091,FDT51,OUT035,-920.5906641
1092,FDK40,OUT035,3093.812742
1093,NCG19,OUT045,-73.98223975
1094,FDZ07,OUT046,3547.228008
1095,FDF08,OUT027,1742.231432
1096,FDO04,OUT013,1439.53578
1097,FDK41,OUT018,2382.910615
1098,FDP15,OUT049,3949.065734
1099,NCD43,OUT018,966.4852221
1100,NCP18,OUT013,1557.86515
1101,FDZ51,OUT046,2565.020254
1102,DRH13,OUT035,3761.700543
1103,FDF38,OUT045,1996.736299
1104,NCI43,OUT045,2580.542734
1105,FDM38,OUT027,2596.28303
1106,FDS03,OUT013,613.5581882
1107,DRJ47,OUT017,569.7541443
1108,FDT50,OUT010,1712.797828
1109,FDV02,OUT046,2160.396503
1110,NCG18,OUT017,2201.361419
1111,FDW52,OUT046,723.199485
1112,FDS40,OUT035,2730.03959
1113,FDN31,OUT017,3049.562149
1114,FDA37,OUT045,3613.642564
1115,FDA15,OUT046,2418.802772
1116,FDL39,OUT046,2374.354567
1117,FDJ53,OUT045,2130.523421
1118,FDX22,OUT013,3074.465493
1119,NCZ42,OUT045,2623.305756
1120,FDD56,OUT027,1002.918678
1121,FDD40,OUT017,3997.79557
1122,FDS50,OUT013,1710.705619
1123,NCN14,OUT013,870.4811904
1124,FDT15,OUT013,-136.1412285
1125,NCS18,OUT027,1936.739585
1126,NCO26,OUT010,1459.521444
1127,FDF58,OUT018,3201.977825
1128,NCB19,OUT013,3157.223353
1129,FDH26,OUT017,609.3479064
1130,DRB24,OUT027,1478.581738
1131,FDA49,OUT018,1235.566912
1132,FDB32,OUT045,1375.074386
1133,FDI36,OUT017,802.5201447
1134,NCA17,OUT010,763.640724
1135,FDH22,OUT013,2493.214172
1136,NCM26,OUT018,2697.516949
1137,FDT15,OUT027,1613.667744
1138,FDB16,OUT018,3662.116142
1139,NCP54,OUT027,2639.222491
1140,FDJ36,OUT013,2823.738649
1141,FDO28,OUT045,3669.108751
1142,FDU09,OUT013,942.4131216
1143,FDF29,OUT017,3418.159612
1144,FDY08,OUT013,-234.8033679
1145,DRJ59,OUT018,859.1713229
1146,FDT23,OUT027,2859.594884
1147,FDU15,OUT018,2367.218509
1148,FDT47,OUT013,-897.7596551
1149,FDI53,OUT019,3445.479797
1150,FDR59,OUT018,2891.701562
1151,FDD53,OUT035,2195.973429
1152,FDY51,OUT017,3145.190913
1153,FDT04,OUT049,2252.091744
1154,FDU51,OUT049,1455.123112
1155,FDG14,OUT035,1741.567161
1156,NCU06,OUT045,1868.403028
1157,DRG25,OUT046,2779.231358
1158,DRH49,OUT035,3021.793693
1159,FDN15,OUT035,1458.434335
1160,FDL43,OUT018,3589.941936
1161,NCT18,OUT049,778.4835183
1162,NCB31,OUT013,426.766689
1163,FDK57,OUT035,2287.537872
1164,FDY04,OUT019,1325.558912
1165,NCP54,OUT046,3058.864499
1166,FDF41,OUT013,2299.879092
1167,FDM01,OUT045,83.47431904
1168,FDW03,OUT045,-331.2003263
1169,FDF28,OUT045,2410.914778
1170,FDY37,OUT017,1075.622668
1171,FDQ03,OUT017,1571.422247
1172,FDP51,OUT027,2489.046352
1173,FDJ40,OUT017,4093.826343
1174,FDC32,OUT049,2713.510381
1175,DRI49,OUT027,-35.47165531
1176,NCW54,OUT017,112.6325172
1177,FDF09,OUT017,2571.980326
1178,FDP45,OUT018,945.2486773
1179,DRJ23,OUT018,3949.566292
1180,FDS59,OUT017,541.9084501
1181,FDY08,OUT046,2715.992968
1182,FDX16,OUT049,3082.894672
1183,FDY16,OUT018,1667.496708
1184,FDK32,OUT035,1560.370581
1185,FDQ22,OUT013,1956.184049
1186,NCC31,OUT018,771.9157478
1187,FDG58,OUT049,3755.294323
1188,DRF48,OUT013,1676.770072
1189,DRH36,OUT049,1644.587371
1190,NCR30,OUT035,1854.603488
1191,FDB03,OUT019,3657.313074
1192,FDZ28,OUT027,1431.8076
1193,FDR35,OUT017,3448.430718
1194,DRD15,OUT027,2718.996625
1195,FDJ33,OUT019,2023.828665
1196,FDA56,OUT010,1695.80719
1197,FDP56,OUT046,1056.814914
1198,NCT30,OUT046,1649.917186
1199,FDK15,OUT017,2401.144891
1200,FDH44,OUT018,1848.870714
1201,FDV01,OUT013,2329.960899
1202,DRG03,OUT017,980.0937926
1203,FDG50,OUT027,2688.861267
1204,FDR16,OUT010,3744.811102
1205,FDZ60,OUT046,4736.975122
1206,DRG03,OUT045,3032.668637
1207,FDS56,OUT018,2140.796307
1208,FDU33,OUT045,2822.214578
1209,DRD27,OUT035,4031.057333
1210,FDW22,OUT046,2506.991999
1211,DRA24,OUT045,1934.216883
1212,FDF38,OUT049,1227.684771
1213,FDX48,OUT013,4060.469532
1214,FDS58,OUT018,4924.151249
1215,FDC32,OUT046,655.1168384
1216,NCQ29,OUT045,2736.014552
1217,DRK39,OUT018,2704.011219
1218,NCS38,OUT017,2047.252875
1219,DRO47,OUT013,-1161.926318
1220,DRG27,OUT027,2666.006822
1221,FDC57,OUT027,3445.532311
1222,FDS55,OUT046,2388.871867
1223,NCJ06,OUT018,2714.20419
1224,FDO01,OUT019,-242.1005925
1225,NCM55,OUT045,3848.365751
1226,FDC52,OUT049,2804.062297
1227,FDQ15,OUT045,1946.978704
1228,NCT30,OUT027,789.332961
1229,NCR42,OUT027,3112.777615
1230,FDD28,OUT035,1660.481919
1231,FDQ34,OUT049,3550.569008
1232,FDZ12,OUT027,212.3247817
1233,DRE13,OUT019,1885.257558
1234,NCN07,OUT019,-867.2862408
1235,FDM28,OUT035,668.1342404
1236,FDI10,OUT017,955.1813647
1237,FDQ25,OUT013,1117.722395
1238,FDA38,OUT010,-970.1698055
1239,DRI13,OUT049,1944.199638
1240,FDY20,OUT027,1788.523146
1241,NCZ53,OUT035,1876.62784
1242,NCM31,OUT013,2577.379578
1243,DRB01,OUT017,2030.380034
1244,DRF37,OUT046,1668.126847
1245,NCF42,OUT049,3553.440651
1246,FDF16,OUT018,2108.974309
1247,FDB41,OUT013,-167.4010487
1248,FDR34,OUT013,2805.132267
1249,FDR15,OUT018,2174.730673
1250,NCV42,OUT019,2085.905251
1251,FDW51,OUT035,3052.638603
1252,FDU36,OUT017,3099.358767
1253,FDX60,OUT049,1968.854737
1254,FDY03,OUT035,2247.870724
1255,FDW55,OUT045,5083.998961
1256,FDT01,OUT010,927.6471715
1257,FDG58,OUT013,-1102.656718
1258,FDK21,OUT017,783.8495167
1259,NCS41,OUT019,2483.844232
1260,FDS10,OUT045,3264.269347
1261,NCT53,OUT046,726.5046544
1262,FDJ28,OUT018,1132.863686
1263,FDX44,OUT045,1890.950063
1264,FDT20,OUT018,3124.31632
1265,FDO44,OUT017,248.950929
1266,NCX17,OUT049,1665.591949
1267,FDY01,OUT017,917.289146
1268,FDJ12,OUT027,2708.971158
1269,DRK35,OUT018,2783.523103
1270,FDD47,OUT019,2131.112524
1271,NCM53,OUT035,2838.764719
1272,FDO45,OUT013,2135.666705
1273,NCM42,OUT010,1914.891548
1274,FDE04,OUT046,2467.902675
1275,NCI30,OUT027,807.5890976
1276,FDZ19,OUT013,3356.211624
1277,FDW57,OUT013,3055.825991
1278,FDA25,OUT013,3259.603471
1279,FDT22,OUT046,1046.437302
1280,FDP51,OUT013,3036.203707
1281,FDD48,OUT027,1837.295033
1282,FDY39,OUT035,1691.023396
1283,FDO48,OUT010,3000.524577
1284,FDD23,OUT027,2316.944815
1285,DRN35,OUT027,3184.794263
1286,FDT01,OUT035,1719.315293
1287,FDC20,OUT010,1137.348737
1288,DRJ35,OUT035,1878.301168
1289,FDB32,OUT046,1489.133606
1290,FDL24,OUT046,2280.06689
1291,NCV42,OUT035,1135.114374
1292,FDZ46,OUT046,1708.432515
1293,FDC15,OUT013,3615.430548
1294,FDD08,OUT019,1492.967241
1295,FDY50,OUT049,774.1224262
1296,FDD36,OUT013,1948.589319
1297,FDG57,OUT027,689.689445
1298,FDL21,OUT018,952.9229754
1299,FDN16,OUT027,2623.489593
1300,FDJ09,OUT027,2600.997578
1301,FDS01,OUT010,1117.399159
1302,FDV33,OUT017,3170.323038
1303,DRE12,OUT017,898.7482211
1304,FDR07,OUT013,2043.526953
1305,FDP48,OUT010,1077.646616
1306,NCB55,OUT035,1705.327833
1307,FDQ08,OUT013,3643.051976
1308,FDR34,OUT035,2294.990906
1309,FDO33,OUT046,1418.823225
1310,FDP13,OUT045,1776.23848
1311,FDX12,OUT049,2774.173079
1312,NCT06,OUT049,3800.424139
1313,FDR16,OUT019,2134.03074
1314,FDE36,OUT046,3296.437022
1315,FDZ36,OUT049,3760.201644
1316,FDV13,OUT045,2291.864885
1317,NCZ17,OUT035,3249.762656
1318,FDU56,OUT045,3204.854255
1319,FDM09,OUT035,3693.987637
1320,FDV02,OUT017,2529.371129
1321,FDS34,OUT018,1674.928092
1322,FDA11,OUT049,597.7862452
1323,FDP09,OUT017,3634.014473
1324,FDB29,OUT027,1123.294187
1325,FDT19,OUT017,1535.895282
1326,DRH15,OUT017,2386.837968
1327,FDY38,OUT046,3789.184695
1328,FDF14,OUT027,3270.034255
1329,FDN48,OUT010,2882.778446
1330,FDQ12,OUT013,2546.625591
1331,NCJ43,OUT045,1976.423386
1332,FDE17,OUT019,3187.950849
1333,FDB05,OUT035,1636.951776
1334,FDH10,OUT045,800.2169198
1335,NCR06,OUT017,908.769023
1336,FDU32,OUT018,1467.215487
1337,FDD56,OUT049,1073.009058
1338,FDO36,OUT018,2826.873308
1339,FDH16,OUT010,1994.692635
1340,FDX10,OUT018,1456.001804
1341,FDZ37,OUT017,1347.512197
1342,FDU31,OUT010,2964.210152
1343,DRC49,OUT049,2424.781946
1344,FDL15,OUT045,1510.441928
1345,FDN32,OUT019,1962.243374
1346,DRH59,OUT027,2203.658009
1347,NCU29,OUT049,2535.310306
1348,FDR37,OUT019,-1047.410732
1349,FDS14,OUT018,2594.537705
1350,FDU02,OUT027,2208.273811
1351,FDJ08,OUT035,2765.298235
1352,NCZ06,OUT045,2615.667565
1353,FDO31,OUT049,1372.923635
1354,FDH31,OUT018,2393.205936
1355,FDS58,OUT017,1551.111992
1356,NCA53,OUT027,1661.795021
1357,FDF50,OUT046,1424.208514
1358,NCW42,OUT049,1530.875319
1359,NCQ17,OUT045,840.286475
1360,FDK51,OUT018,1832.361258
1361,NCW41,OUT010,2562.493225
1362,NCR29,OUT017,3776.740715
1363,FDB08,OUT019,-77.01963904
1364,FDA40,OUT027,754.1345692
1365,FDL14,OUT018,1759.203707
1366,FDB47,OUT046,2070.326103
1367,FDO03,OUT035,3979.5754
1368,DRK13,OUT019,1875.69103
1369,FDX13,OUT010,4742.566824
1370,FDF52,OUT046,916.2414584
1371,FDT11,OUT013,3253.435027
1372,FDB08,OUT013,-618.8032888
1373,FDQ28,OUT018,2764.362437
1374,FDD29,OUT045,766.4161196
1375,NCQ29,OUT027,2292.819266
1376,NCO02,OUT013,3403.528083
1377,FDR56,OUT010,1793.01358
1378,NCM54,OUT049,1983.343021
1379,FDP51,OUT035,2063.948996
1380,FDT38,OUT013,3488.340071
1381,FDZ20,OUT018,2684.783748
1382,FDJ53,OUT013,3853.214896
1383,FDX13,OUT049,5041.813183
1384,FDP58,OUT035,3275.180783
1385,NCK31,OUT019,3664.153693
1386,FDA35,OUT018,1809.306744
1387,FDV37,OUT018,599.4905949
1388,NCO07,OUT027,519.8144253
1389,FDA20,OUT045,-334.2643575
1390,FDZ59,OUT035,2561.445494
1391,NCY17,OUT017,3464.719598
1392,FDQ28,OUT035,747.9879146
1393,FDV35,OUT017,3919.173341
1394,FDQ36,OUT013,2681.149373
1395,FDD34,OUT018,2258.784298
1396,FDK51,OUT045,4950.268814
1397,FDV31,OUT035,3210.440431
1398,FDR04,OUT035,3617.040037
1399,FDR14,OUT049,2325.972716
1400,DRC36,OUT010,1500.077352
1401,FDE39,OUT019,3660.81294
1402,FDP57,OUT049,2952.410602
1403,FDE57,OUT046,1809.574583
1404,NCN18,OUT046,617.446722
1405,NCQ05,OUT018,2560.554268
1406,FDW47,OUT035,2776.749935
1407,FDV46,OUT035,1569.986795
1408,NCP29,OUT045,2705.543151
1409,FDE09,OUT018,-108.0479195
1410,NCU06,OUT027,3128.607807
1411,FDT19,OUT010,3055.557641
1412,DRF15,OUT017,1726.662601
1413,DRI51,OUT013,589.9649626
1414,NCX54,OUT013,1486.697693
1415,DRE01,OUT013,1972.492295
1416,NCB07,OUT045,960.9956795
1417,FDU50,OUT035,5056.043919
1418,FDG40,OUT035,1496.910157
1419,FDW10,OUT018,2334.94112
1420,FDX51,OUT013,3837.509734
1421,NCP17,OUT045,2712.96453
1422,FDP21,OUT035,1809.360782
1423,FDL04,OUT045,521.178593
1424,FDV23,OUT013,1204.107054
1425,FDF24,OUT046,1650.170131
1426,FDH56,OUT027,2910.643398
1427,FDB51,OUT049,3236.93576
1428,FDI58,OUT027,-363.4128749
1429,FDR20,OUT013,1789.149188
1430,FDC51,OUT018,3743.850394
1431,FDB16,OUT027,3064.76063
1432,FDE40,OUT049,592.6236379
1433,NCM17,OUT035,3119.636447
1434,FDU56,OUT035,1392.907745
1435,FDS32,OUT019,-245.2380576
1436,FDX02,OUT049,-179.2232813
1437,FDT39,OUT027,2364.591579
1438,FDE35,OUT017,1721.368513
1439,NCI42,OUT019,2449.881136
1440,DRL23,OUT046,824.7822946
1441,FDA10,OUT046,884.8807721
1442,FDA11,OUT013,2149.667878
1443,NCM06,OUT046,2733.335171
1444,NCT05,OUT035,4103.851062
1445,NCQ02,OUT010,3573.37177
1446,NCY06,OUT049,4099.708299
1447,FDY56,OUT035,921.00879
1448,FDL02,OUT035,1390.701035
1449,NCI06,OUT035,2198.052777
1450,FDQ14,OUT045,1951.909753
1451,FDQ12,OUT017,2819.519011
1452,FDP36,OUT046,1304.327015
1453,FDK21,OUT027,1108.855317
1454,FDO40,OUT045,1850.118101
1455,NCK54,OUT019,2641.982131
1456,FDY09,OUT018,419.4902061
1457,NCW30,OUT049,2520.225335
1458,NCC55,OUT027,1572.575241
1459,FDE58,OUT018,3747.067081
1460,FDR39,OUT013,1041.794044
1461,FDU28,OUT049,2388.041347
1462,FDH08,OUT017,3660.379345
1463,FDG35,OUT045,2269.19266
1464,FDG22,OUT049,1257.92068
1465,FDC34,OUT035,3509.854782
1466,FDP15,OUT018,2885.379395
1467,FDK34,OUT010,373.3130504
1468,FDU45,OUT035,3474.172875
1469,FDQ04,OUT027,1747.921642
1470,FDX22,OUT018,3149.045846
1471,FDB45,OUT017,2719.608481
1472,NCH43,OUT027,733.0963015
1473,DRE60,OUT046,1037.63068
1474,FDD17,OUT027,2769.747463
1475,NCM54,OUT017,3876.356401
1476,NCH55,OUT013,2818.773283
1477,NCT06,OUT017,1747.750687
1478,FDA48,OUT027,3237.911609
1479,FDY58,OUT027,1385.610476
1480,FDO25,OUT045,2942.944193
1481,FDN50,OUT045,-959.7706897
1482,FDH35,OUT035,2269.600731
1483,FDK09,OUT045,3671.025612
1484,FDO16,OUT013,2873.651126
1485,FDW11,OUT045,1380.070698
1486,FDU47,OUT027,2410.06252
1487,NCQ42,OUT010,737.8396962
1488,FDK55,OUT027,2833.930728
1489,FDN08,OUT049,1517.525355
1490,FDT57,OUT045,3429.516461
1491,FDJ12,OUT018,3063.713754
1492,DRL59,OUT017,1217.352785
1493,NCN53,OUT046,990.3811797
1494,FDO51,OUT010,1460.66329
1495,FDK56,OUT017,2379.606686
1496,FDY12,OUT035,3071.227945
1497,FDU15,OUT035,3826.035609
1498,FDQ19,OUT046,2418.083542
1499,DRF15,OUT045,2647.375315
1500,DRE25,OUT019,2100.743279
1501,FDK57,OUT018,1759.492288
1502,FDD33,OUT010,839.2432092
1503,FDR34,OUT027,5147.439824
1504,FDU04,OUT045,-466.8380711
1505,FDE35,OUT019,2403.398259
1506,NCD31,OUT035,1972.69834
1507,FDJ56,OUT035,3539.572379
1508,NCU53,OUT046,1285.756295
1509,FDD39,OUT035,3290.936414
1510,NCU17,OUT019,2491.05675
1511,FDJ20,OUT046,1402.264746
1512,NCW41,OUT018,497.4121362
1513,FDL52,OUT035,-555.1305488
1514,FDS39,OUT035,1866.762026
1515,DRJ47,OUT045,3732.930549
1516,FDP13,OUT010,3733.299693
1517,DRK39,OUT010,2812.208456
1518,FDF28,OUT010,935.4049485
1519,FDB09,OUT045,2467.814114
1520,FDM51,OUT046,3233.562022
1521,DRM49,OUT018,1861.500831
1522,DRF23,OUT013,3849.264283
1523,DRH01,OUT035,2092.454735
1524,FDH12,OUT027,2241.07535
1525,FDA28,OUT019,2052.348055
1526,FDW37,OUT018,2579.277265
1527,FDF02,OUT046,2173.517016
1528,DRL37,OUT046,1794.443657
1529,NCF43,OUT046,786.0846683
1530,FDH08,OUT010,3810.759462
1531,FDR34,OUT019,1915.126132
1532,NCK19,OUT049,2171.264982
1533,NCD55,OUT018,428.496471
1534,FDT27,OUT049,3803.963416
1535,FDQ57,OUT045,3704.314292
1536,FDA47,OUT035,1690.889302
1537,DRG15,OUT027,1037.384986
1538,FDE05,OUT018,2590.940206
1539,FDN46,OUT046,826.1435162
1540,FDX27,OUT027,3030.308624
1541,FDT51,OUT045,1497.391548
1542,FDU33,OUT013,1010.390949
1543,FDJ16,OUT027,4434.674117
1544,FDD20,OUT019,766.2903704
1545,FDT36,OUT049,4013.879696
1546,DRF15,OUT027,3731.802963
1547,FDN52,OUT010,669.017042
1548,FDC22,OUT027,2631.419247
1549,FDX15,OUT045,1543.750236
1550,FDT13,OUT013,3484.52908
1551,FDU04,OUT017,1049.627794
1552,FDU31,OUT019,1795.558753
1553,FDW59,OUT027,1069.15874
1554,NCO29,OUT046,3017.487479
1555,FDL15,OUT035,1925.997806
1556,FDI41,OUT049,4046.749972
1557,FDQ48,OUT049,2725.184532
1558,DRI39,OUT013,2241.392018
1559,FDI08,OUT013,1795.339356
1560,FDC21,OUT049,664.7467259
1561,FDF58,OUT035,2323.003944
1562,FDS08,OUT010,3512.785074
1563,FDE47,OUT045,2838.278175
1564,NCP18,OUT019,5236.468198
1565,NCR41,OUT013,2607.536947
1566,FDA27,OUT013,2773.632802
1567,FDA43,OUT035,2058.567184
1568,FDA49,OUT045,309.6419387
1569,NCE55,OUT018,788.8565957
1570,DRM49,OUT027,1709.544263
1571,FDF22,OUT027,1999.435519
1572,FDQ15,OUT018,1687.692939
1573,NCS54,OUT017,775.3340355
1574,NCY05,OUT013,3531.167564
1575,FDR45,OUT046,1320.505155
1576,FDK57,OUT049,924.8149004
1577,FDF41,OUT010,846.0824061
1578,FDV21,OUT046,769.0894964
1579,FDD51,OUT046,756.9473975
1580,FDF33,OUT046,1527.595255
1581,FDA38,OUT046,3081.981536
1582,FDR56,OUT045,684.0507736
1583,NCN41,OUT017,1715.677013
1584,FDC60,OUT027,742.4545812
1585,FDB47,OUT045,2027.457196
1586,DRH01,OUT013,1976.028933
1587,FDW08,OUT046,978.4859372
1588,FDF38,OUT027,2663.186752
1589,FDY32,OUT017,1197.195987
1590,FDG34,OUT049,1227.279493
1591,FDG47,OUT019,1954.845921
1592,NCF18,OUT035,1707.904924
1593,FDL39,OUT019,708.3480212
1594,NCH55,OUT035,64.40281092
1595,DRJ35,OUT049,2952.565685
1596,FDS44,OUT035,1729.590767
1597,DRE01,OUT018,2712.84902
1598,FDY39,OUT013,1958.838865
1599,FDY32,OUT018,2913.244769
1600,FDR33,OUT027,3000.839277
1601,NCP50,OUT049,1641.046924
1602,FDZ47,OUT018,4173.29454
1603,FDU57,OUT049,3447.833194
1604,FDY44,OUT013,830.0368054
1605,DRH59,OUT018,374.3167342
1606,FDB03,OUT027,1564.386457
1607,FDY46,OUT045,3685.370969
1608,FDM39,OUT045,2249.120689
1609,FDY36,OUT035,3834.087031
1610,NCM55,OUT035,2455.336237
1611,FDJ50,OUT010,1115.709821
1612,DRL60,OUT013,1508.84211
1613,NCJ54,OUT049,1262.892929
1614,FDX59,OUT017,2642.743346
1615,FDI07,OUT013,2840.748332
1616,DRF51,OUT010,1586.943313
1617,FDM14,OUT017,3651.568841
1618,FDP21,OUT045,2811.623644
1619,FDE40,OUT035,1281.834314
1620,FDE05,OUT035,2643.293168
1621,FDM13,OUT027,2174.605019
1622,FDC34,OUT027,2368.914485
1623,NCI55,OUT018,3716.215718
1624,NCE43,OUT018,2500.971253
1625,FDW58,OUT018,2855.434179
1626,FDG60,OUT045,1713.82923
1627,FDV31,OUT017,1550.610295
1628,FDR47,OUT013,2355.267177
1629,FDM60,OUT019,-1224.197535
1630,NCF06,OUT018,-266.8245976
1631,NCN26,OUT027,3825.246237
1632,FDQ59,OUT049,2610.394195
1633,FDF09,OUT046,3360.005446
1634,NCS06,OUT017,2132.108533
1635,FDT44,OUT046,3251.70003
1636,FDI19,OUT017,1267.677479
1637,FDT22,OUT017,3090.969284
1638,NCF54,OUT027,135.3486861
1639,DRG25,OUT045,2630.386889
1640,FDB59,OUT017,2324.34928
1641,FDQ37,OUT017,-966.5689588
1642,FDP56,OUT035,1552.717028
1643,FDW44,OUT035,2938.347094
1644,FDJ26,OUT010,881.6374287
1645,FDU43,OUT018,2721.009201
1646,FDW33,OUT045,4042.145264
1647,NCX53,OUT027,2052.257211
1648,FDN56,OUT010,1520.373631
1649,DRF15,OUT049,903.6553368
1650,FDO33,OUT017,2009.689598
1651,FDZ39,OUT010,2595.345056
1652,NCJ19,OUT017,3006.050129
1653,FDU01,OUT035,1329.928598
1654,FDT12,OUT035,1011.104317
1655,NCM18,OUT018,2991.822284
1656,FDP19,OUT017,2193.75041
1657,NCR42,OUT049,1140.285931
1658,FDN10,OUT046,1687.674219
1659,FDG44,OUT017,2608.272389
1660,FDQ10,OUT046,1462.232307
1661,DRH13,OUT049,1379.715596
1662,FDT52,OUT013,1949.939844
1663,FDM56,OUT045,1535.65715
1664,NCO43,OUT010,3711.616741
1665,NCV29,OUT035,478.1435676
1666,NCF06,OUT013,3563.534437
1667,FDO50,OUT035,3583.236792
1668,FDT59,OUT013,259.9804997
1669,FDX40,OUT027,4062.696384
1670,FDE50,OUT017,-632.8964935
1671,FDX51,OUT017,4031.835007
1672,NCD30,OUT018,2439.089983
1673,FDK15,OUT013,5175.809499
1674,FDL12,OUT045,2413.854901
1675,FDK46,OUT017,3353.544585
